{
    "theta0": -3.7880685727231103,
    "theta1": 1.182212774757377,
    "learning_rate": 0.01,
    "iterations": 2000
}